sha256,bytes,example_path,n_copies,shape,count,dtype,nodata,crs,inside_nan,inside_min,inside_max,inside_gt1,inside_lt0,inside_inf,outside_nan,outside_finite,positive_inside,unique_inside,owner_label,owner_reported_score,problems
6292a7916c83d371fc650b0f0c6a090702b9890eaa6e6546d50f104eea2fadc3,705023,11GEMSDOE/docs/downloads/gems-structural-area06-v1.tif,1,"[3730, 3292]",1,float32,nan,32611,0,0.0,1.0,0,0,0,7111787,0,343526,2,11GEMSDOE,0.0202,
06ca61e5c6a3e55eaf40228d97054a35af1187be9c98e0ef95d996f9919efc6b,1205044,12GEMSDOE/docs/downloads/12GEMSDOE_multiphysics_submission_06ca61e5.tif,1,"[3730, 3292]",1,float32,nan,32611,0,0.0,0.949999988079071,0,0,0,7111787,0,224173,134225,,,
055e9aac96b89b9a1d8fca8005778733039ed79f1165bb8cdd46dcfc51d6f53d,463577,12GEMSDOE/docs/downloads/12GEMSDOE_r5-nms3-trace_055e9aac96b8.tif,1,"[3730, 3292]",1,float32,nan,32611,0,0.0,1.0,0,0,0,7111787,0,103347,2,,,
d7fc78a036f325ddb80f94fdda1864b4af0889eb58b0291356945fb1b44e1da0,406714,12GEMSDOE/docs/downloads/12GEMSDOE_r5-nms3-trace_055e9aac96b8_allfinite.tif,1,"[3730, 3292]",1,float32,nan,32611,0,0.0,1.0,0,0,0,0,7111787,103347,2,,,
8721329b55c72635803cca27414f3d0ffe4705f48285de0dc7c29d6fd3eb90d3,463877,12GEMSDOE/docs/downloads/12GEMSDOE_r6-nms3-h28-texture_8721329b55c7.tif,1,"[3730, 3292]",1,float32,nan,32611,0,0.0,1.0,0,0,0,7111787,0,103347,2,,,
699d9c7f6d136818af48ed65d357bcd6eca828e530c73c4d80c3a6cca4214b81,406819,12GEMSDOE/docs/downloads/12GEMSDOE_r6-nms3-h28-texture_8721329b55c7_allfinite.tif,1,"[3730, 3292]",1,float32,nan,32611,0,0.0,1.0,0,0,0,0,7111787,103347,2,,,
0c9199f14e625d7b2539a0a045803b74d6494ce568d185abecc193fe7e93c6f2,469858,12GEMSDOE/docs/downloads/12GEMSDOE_r7-nms3-dem10-scarp_0c9199f14e62.tif,1,"[3730, 3292]",1,float32,nan,32611,0,0.0,1.0,0,0,0,7111787,0,103347,2,12GEMSDOE,0.1294,
ce3f70fa2e1e7bbea60c8c62a2f805c22d15b8a8905ebec757259617ceb02fbc,412700,12GEMSDOE/docs/downloads/12GEMSDOE_r7-nms3-dem10-scarp_0c9199f14e62_allfinite.tif,1,"[3730, 3292]",1,float32,nan,32611,0,0.0,1.0,0,0,0,0,7111787,103347,2,12GEMSDOE allfinite,0.1294,
d569d5539972f86a7862add0ce6738275ffd56174b9ef1298b08b8ab1dcd700f,226663,13GEMSDOE/data/external_sgmc/derived_sgmc_faults_100m_u8.tif,2,"[3730, 3292]",1,uint8,255.0,32611,,,,,,,,,,,,,not a single-band float32 EPSG:32611 submission-grid raster
033df94ceef16350030a69d5cfdec0afe7bc605bb155d8f3b98b203aabf80abd,1954898,13GEMSDOE/docs/downloads/13gems_20261001_r11-greedy-mp_v2_nan-outside.tif,2,"[3730, 3292]",1,float32,nan,32611,0,0.0,1.0,0,0,0,7111787,0,272853,2,,,
e7f0d4b9fd58b90e67538e595680315fb9861e08d8d093c1617b10a584f28b5a,1184786,13GEMSDOE/docs/downloads/13gems_20261001_r11-greedy-mp_v2_zerofill.tif,2,"[3730, 3292]",1,float32,,32611,0,0.0,1.0,0,0,0,0,7111787,272853,2,,,
b4570b406efec198eb2f4d142ad8d0d6184b14b66f2f52b5c4d697f0647dc9b2,1706456,13GEMSDOE/docs/downloads/13gems_20261001_r13-lattice-s5_v2_nan-outside.tif,3,"[3730, 3292]",1,float32,nan,32611,0,0.0,1.0,0,0,0,7111787,0,206895,2,13GEMSDOE lattice,0.0904,
c12533bb980234c3a706af641d4f1d514bbbe482714b2ebcac3b10f3e72a7a3f,969784,13GEMSDOE/docs/downloads/13gems_20261001_r13-lattice-s5_v2_zerofill.tif,3,"[3730, 3292]",1,float32,,32611,0,0.0,1.0,0,0,0,0,7111787,206895,2,,,
c9d1398e464603350e464fff7213a8a5e380f1ccf505e263a685607970ae28ef,1748864,13GEMSDOE/docs/downloads/13gems_20261001_r14-union-tips10-lat6_nan-outside.tif,1,"[3730, 3292]",1,float32,nan,32611,0,0.0,1.0,0,0,0,7111787,0,192231,2,,,
840e7afe571a856a2395ff87dec5af757f4812e3c5c146da7bb83616dbc6da8d,1001422,13GEMSDOE/docs/downloads/13gems_20261001_r14-union-tips10-lat6_zerofill.tif,1,"[3730, 3292]",1,float32,,32611,0,0.0,1.0,0,0,0,0,7111787,192231,2,,,
49835b5135398b6893b3c88de209882c1e3ec81e1a52a8bec5674748f17ff83d,632138,13GEMSDOE/docs/downloads/archive/13gems-composite-20260928T040920Z.tif,1,"[3730, 3292]",1,float32,nan,32611,0,0.0,1.0,0,0,0,7111787,0,338755,2,,,
779efdcdfdea223356eb8ef98a25021c20b9a527d4016b8e8ca3dfacad25a829,568160,13GEMSDOE/docs/downloads/archive/13gems-composite-20260928T040920Z_allfinite.tif,1,"[3730, 3292]",1,float32,,32611,0,0.0,1.0,0,0,0,0,7111787,338755,2,,,
cfccf7d2d985921a1b27b53a6a8af10824aa8e3111abb155d721e29ff6f0e317,698842,13GEMSDOE/docs/downloads/archive/13gems-composite-20260929T183221Z.tif,1,"[3730, 3292]",1,float32,nan,32611,0,0.0,1.0,0,0,0,7111787,0,507776,2,,,
3f80e5b9c06228648082febe57b6511ac264a4a4c38f69d8d85e0a9549d1f174,635926,13GEMSDOE/docs/downloads/archive/13gems-composite-20260929T183221Z_allfinite.tif,1,"[3730, 3292]",1,float32,,32611,0,0.0,1.0,0,0,0,0,7111787,507776,2,,,
6d0227c6284ce2a5a2e51cb214acaabac42eab9cea290f5afc22cf6f7a210b16,671438,13GEMSDOE/docs/downloads/archive/13gems-composite-plus-20260929T183249Z.tif,1,"[3730, 3292]",1,float32,nan,32611,0,0.0,1.0,0,0,0,7111787,0,380365,2,,,
2b6d871239a886121f3531c33f6b904bc146e3c2a004f4c1f6bd8b1c0d11c137,606648,13GEMSDOE/docs/downloads/archive/13gems-composite-plus-20260929T183249Z_allfinite.tif,1,"[3730, 3292]",1,float32,,32611,0,0.0,1.0,0,0,0,0,7111787,380365,2,,,
e8f148d08d3d67035a457cb95bdede26242009ea5f50d4322f57da41f690d00c,576102,13GEMSDOE/docs/downloads/archive/13gems-r11-greedy-mp.tif,1,"[3730, 3292]",1,float32,nan,32611,0,0.0,1.0,0,0,0,7111787,0,272853,2,,,
ec6e74f8bb05a878ce77ab4dc7e85ee9ec2ed6bf028b7b772c84b3c52f106ce0,510598,13GEMSDOE/docs/downloads/archive/13gems-r11-greedy-mp_allfinite.tif,1,"[3730, 3292]",1,float32,,32611,0,0.0,1.0,0,0,0,0,7111787,272853,2,,,
bd1e3d056e83e792aed8c77b3249f833d119320779b94d2eb7c5b65ac5161428,618810,13GEMSDOE/docs/downloads/archive/13gems-r6-ensemble-20260929T182914Z.tif,1,"[3730, 3292]",1,float32,nan,32611,0,0.0,1.0,0,0,0,7111787,0,344041,2,,,
70c4ccd5dd51c6cbf1c0b8019738885a357dde7be64c17b4fb278a12f073e1e4,554204,13GEMSDOE/docs/downloads/archive/13gems-r6-ensemble-20260929T182914Z_allfinite.tif,1,"[3730, 3292]",1,float32,,32611,0,0.0,1.0,0,0,0,0,7111787,344041,2,,,
b023dc8a709dd5e806c991c586b776bd53e48d7ad34f1eedaf51b407c2462239,716454,13GEMSDOE/docs/downloads/archive/13gems-r8-ensemble-20260930T014614Z.tif,1,"[3730, 3292]",1,float32,nan,32611,0,0.0,1.0,0,0,0,7111787,0,452679,2,,,
6d0085641ee4a9ae7da4db8b5f56fe6a92018bc08055c329f5ccda67f942d167,652842,13GEMSDOE/docs/downloads/archive/13gems-r8-ensemble-20260930T014614Z_allfinite.tif,1,"[3730, 3292]",1,float32,,32611,0,0.0,1.0,0,0,0,0,7111787,452679,2,,,
88976dc5b2504838b193d41b718df95eb1e237b870b94a6443dc3bee65e98e06,548684,13GEMSDOE/docs/downloads/archive/13gems-toporef-holdoutref.tif,1,"[3730, 3292]",1,float32,nan,32611,0,0.0,1.0,0,0,0,7111787,0,246469,2,,,
e050b1ec627e8207c1fe5f7530f015d0cf2feb6bb98c5bce225e5db806afb0e3,482696,13GEMSDOE/docs/downloads/archive/13gems-toporef-holdoutref_allfinite.tif,1,"[3730, 3292]",1,float32,,32611,0,0.0,1.0,0,0,0,0,7111787,246469,2,,,
ccbe1de0cfd70cbe7257c04669195f390ca652fa3a76c51505f461f01a1424c6,259215,14GEMSDOE/docs/downloads/GEMS_r5-geom-horse-ensemble_20260929T154852Z_ccbe1de0_site_e96e942f.tif,1,"[3730, 3292]",1,float32,,32611,0,0.0,1.0,0,0,0,0,7111787,116225,2,14GEMSDOE,0.002,
3e88e6ad5c63f2bc37edebd0eb2c7332d97ba1e48308f7ffea3b7c63fc2bddd1,628807,15GEMSDOE/docs/downloads/gems-cleanup-a-20260928T195952Z-curv_scarp.tif,1,"[3730, 3292]",1,float32,nan,32611,0,0.0,1.0,0,0,0,7111787,0,362327,2,,,
b437efcec17fb4582a3ff2f5f6ce6a179545c1e21fcd51e0c4b828cfd185d631,313478,15GEMSDOE/docs/downloads/gems-tso1-20260929T005627Z-conj_alteration_mag.tif,1,"[3730, 3292]",1,float32,nan,32611,0,0.0,1.0,0,0,0,7111787,0,99999,2,15GEMSDOE,0.0782,
8951445650e89b482cae6ece0193034c8cd3e772b03721dda58fd723f0a8e4f2,313118,15GEMSDOE/docs/downloads/gems-tso1-20260929T014924Z-conj_alteration_mag.tif,1,"[3730, 3292]",1,float32,nan,32611,0,0.0,1.0,0,0,0,7111787,0,99999,2,,,
f3f4302cb639f374221f9b2a4a75b784d036327078cadd85bfbb28ffb058a6d7,314425,15GEMSDOE/docs/downloads/gems-v1_conj_mag_asa_edge-20260929T054519Z-conj_mag_asa_edge.tif,1,"[3730, 3292]",1,float32,nan,32611,0,0.0,1.0,0,0,0,7111787,0,99999,2,,,
91f3dd7a0bb947e623f2c5660f5741bde099f69cb94a5bcc083c060dd5cd06cc,564499,16GEMSDOE/docs/archive/gems16-h16-1-pure-physical-scarp-worm-allfinite-20260929-c16f03.tif,4,"[3730, 3292]",1,float32,,32611,0,0.0,1.0,0,0,0,0,7111787,108500,2,,,
7da9fe49482c9a826ff11a51b27a054b4cdbe4b4160513389c2c0bd6b37b5eeb,778668,16GEMSDOE/docs/archive/gems16-h16-1-seamfree-multiscale-ridge-allfinite-20260929-a16f01.tif,4,"[3730, 3292]",1,float32,,32611,0,0.0,1.0,0,0,0,0,7111787,198000,2,,,
78b2aebe410e016d76c1cf15760561d7699346647955039bcc0b8adce87af30a,849871,16GEMSDOE/docs/archive/gems16-h16-1-seamfree-multiscale-ridge-nanmask-20260929-b16f02.tif,4,"[3730, 3292]",1,float32,nan,32611,0,0.0,1.0,0,0,0,7111787,0,198000,2,,,
fde9fbd2270a5ae5cb4606f33dbc19eed096a0dc27e382baf6dd5d1dd82c8dda,942922,16GEMSDOE/docs/downloads/gems16-h16-1-topo-geophys-baseline-ridges-20260930-df20f65e-allfinite.tif,1,"[3730, 3292]",1,float32,,32611,0,0.0,1.0,0,0,0,0,7111787,123939,2,,,
055309694ed499ca3d87e76b3f5e81c292aef6e39c418d33ff5a817aa1309bea,1718028,16GEMSDOE/docs/downloads/gems16-h16-1-topo-geophys-baseline-ridges-20260930-df20f65e-nan.tif,2,"[3730, 3292]",1,float32,nan,32611,0,0.0,1.0,0,0,0,7111787,0,123939,2,16GEMSDOE h16-1,0.1855,
703ea58b0e49479d57acb9293d748d861b07eba80898aa6bc0ed07595bc1dc91,935036,16GEMSDOE/docs/downloads/gems16-h18-3a-topo-geophys-x-complexity-prior-20260930-c502dfab-allfinite.tif,1,"[3730, 3292]",1,float32,,32611,0,0.0,1.0,0,0,0,0,7111787,122120,2,,,
92904a5bfd84c8bd1141683fc5d29817aa4de71574d8caff5b40f7ed0072a5b8,1708516,16GEMSDOE/docs/downloads/gems16-h18-3a-topo-geophys-x-complexity-prior-20260930-c502dfab-nan.tif,1,"[3730, 3292]",1,float32,nan,32611,0,0.0,1.0,0,0,0,7111787,0,122120,2,16GEMSDOE h18-3a,0.0976,
4151c2e438758c4a216a8a597b381e851a5a8e9f358b3fcffd62c01b627142cc,852968,16GEMSDOE/docs/downloads/gems16-h18-4-usgs-geologic-map-faults-gap-20260930-aef8f42c-allfinite.tif,1,"[3730, 3292]",1,float32,,32611,0,0.0,1.0,0,0,0,0,7111787,57783,2,,,
736f62c2da585677ef472cab0f9bc63bd15c50c340beb4a0f4627fafd3d1c853,1620132,16GEMSDOE/docs/downloads/gems16-h18-4-usgs-geologic-map-faults-gap-20260930-aef8f42c-nan.tif,1,"[3730, 3292]",1,float32,nan,32611,0,0.0,1.0,0,0,0,7111787,0,57783,2,16GEMSDOE h18-4,,
c5ea501eba0ab840d26f0c017d01074c4bd9040ec5e2c5ac19bde8655d150e64,987669,17GEMSDOE/docs/downloads/17GEMSDOE_A-verified-01563-support_c5ea501e_20260930T021105Z.tif,1,"[3730, 3292]",1,float32,nan,32611,0,0.0,1.0,0,0,0,0,7111787,172974,2,,,
7810719248d2aa17b4aefdc838bf7ea5ad90a08ae0882c7f96f158bf01696302,1763547,17GEMSDOE/docs/downloads/17GEMSDOE_A-verified-01563-support_nanfootprint_20260930T021105Z.tif,1,"[3730, 3292]",1,float32,nan,32611,0,0.0,1.0,0,0,0,7111787,0,172974,2,,,
8612586354611df8602a2b0bad8a7916946d1bc0bc32f63e39f1fffbcccced8d,886556,17GEMSDOE/docs/downloads/17GEMSDOE_D-supervised-expression_86125863_20260930T034153Z.tif,1,"[3730, 3292]",1,float32,nan,32611,0,0.0,1.0,0,0,0,0,7111787,170401,2,,,
ab0a0a62eecf066a82713b09dd49f0f638a91fa3dd81f54cc34ae89afa3872be,25065181,17GEMSDOE/docs/downloads/17GEMSDOE_E-proba-multiscale_20260930T044527Z.tif,1,"[3730, 3292]",1,float32,nan,32611,0,0.0004625781439244747,0.984115719795227,0,0,0,7111787,0,5167373,4729578,,,
0210da4395b209450e52e9efc780ab3ca6aceffd60c26d6f623da2b8fe76b691,1597278,17GEMSDOE/docs/downloads/17GEMSDOE_F-ensemble-2pct_20260930T050626Z.tif,1,"[3730, 3292]",1,float32,nan,32611,0,0.0,1.0,0,0,0,7111787,0,103347,2,17GEMSDOE,0.0187,
c11e495e5817730ad5f0fdc368b810f79050cbb6bd65e98c98123b7921ed336b,457340,18GEMSDOE/docs/downloads/18GEMSDOE_H19-C_20260930T212401Z_c11e495e.tif,1,"[3730, 3292]",1,float32,nan,32611,0,0.0,1.0,0,0,0,7111787,0,513786,2,18GEMSDOE,0.0297,
ad52f4c2704f2a8721f74b736dc139b6b9e11cbf6130c3b971b91cfb3661ac84,941772,19GEMSDOE/docs/downloads/gems19-h19-4-multiline-corroborated-openness-thermal-pop-20260930-691e4dfa-allfinite.tif,3,"[3730, 3292]",1,float32,,32611,0,0.0,1.0,0,0,0,0,7111787,123779,2,,,
89109a3bd2cd3b12e7a0f388113c519843acfc9c4f46825affefc3e63dd99b22,1716768,19GEMSDOE/docs/downloads/gems19-h19-4-multiline-corroborated-openness-thermal-pop-20260930-691e4dfa-nan.tif,5,"[3730, 3292]",1,float32,nan,32611,0,0.0,1.0,0,0,0,7111787,0,123779,2,19GEMSDOE h19-4,0.1894,
ef2ae808eb7179861b9f1ff753fd3ded625ace7b7c158e29cec45bbd8fa3cfaa,937342,19GEMSDOE/docs/downloads/gems19-h19-5-powerlaw-budget-multiline-corroborated-20260930-e27054cf-allfinite.tif,3,"[3730, 3292]",1,float32,,32611,0,0.0,1.0,0,0,0,0,7111787,121131,2,,,
ec1f9b56b83ce33cad781ceb9f104b18fb4f2ff785263a4e89616af4aabdee8d,1712322,19GEMSDOE/docs/downloads/gems19-h19-5-powerlaw-budget-multiline-corroborated-20260930-e27054cf-nan.tif,5,"[3730, 3292]",1,float32,nan,32611,0,0.0,1.0,0,0,0,7111787,0,121131,2,19GEMSDOE h19-5,0.1922,
643cbe992ef4ba37588fb469163ed8291e3ceb23d6c1f78a3cfaa462430c2da0,198602,19GEMSDOE/evidence/ci/derived_sgmc_faults_100m_u8.tif,4,"[3730, 3292]",1,uint8,,32611,,,,,,,,,,,,,not a single-band float32 EPSG:32611 submission-grid raster
10cd66f0e55fd419366ad90b9bd27b8164fc702e2ed0c2d471f92c1983708c1d,941988,20GEMSDOE/docs/downloads/gems20-h20-1-sarnnpu-powerlaw-pi0363-tilt-wingcrack-20260930-be0e8f6b-allfinite.tif,2,"[3730, 3292]",1,float32,,32611,0,0.0,1.0,0,0,0,0,7111787,123829,2,,,
defe590b944651552d7260237f79f309e3c089d03361e130db0e2dd7c87eb326,1717074,20GEMSDOE/docs/downloads/gems20-h20-1-sarnnpu-powerlaw-pi0363-tilt-wingcrack-20260930-be0e8f6b-nan.tif,2,"[3730, 3292]",1,float32,nan,32611,0,0.0,1.0,0,0,0,7111787,0,123829,2,20GEMSDOE h20-1,,
80e2954801ae99b228612302ab0c37b2a4799aff074584a04c5fea174df65273,1299868,20GEMSDOE/docs/downloads/gems20-h20-5-continuous-pu-proxy-unverified-20260930-824ce73a-allfinite.tif,2,"[3730, 3292]",1,float32,,32611,0,0.0,1.0,0,0,0,0,7111787,121258,1602,,,
4e199f0ce1bb7e6f6e5e42fbbe54fcd3714bbf1b4ee864fad262b95ebba464f7,2089626,20GEMSDOE/docs/downloads/gems20-h20-5-continuous-pu-proxy-unverified-20260930-824ce73a-nan.tif,2,"[3730, 3292]",1,float32,nan,32611,0,0.0,1.0,0,0,0,7111787,0,121258,1602,20GEMSDOE h20-5,,
2176d08e485aa2cd2860ce8df539db4faf4d76163b38a4dd8c30a40454d35cbc,1599597,5GEMSDOE/data/bridge/example_submission.tif,8,"[3730, 3292]",1,float32,nan,32611,0,0.0,1.0,0,0,0,7111787,0,60988,2,,,
7ba308ccdc4418b31a178f4f1ef21aaa6e152e4028f2f6f64b01f7eb25ae4093,425830,5GEMSDOE/data/bridge/existing_faults.tif,8,"[3730, 3292]",1,int8,-1.0,32611,,,,,,,,,,,,,not a single-band float32 EPSG:32611 submission-grid raster
2505ac5fa1db2ba142b1ecbe5c3fc221e88f2156cc6e5b8d36d0e75cb290f107,3901523,5GEMSDOE/data/derived/context_detector_prob_4fold_base.tif,1,"[3730, 3292]",1,uint8,0.0,32611,,,,,,,,,,,,,not a single-band float32 EPSG:32611 submission-grid raster
ffaeea106e6ae36a25bc26001e42444e541d147ab37f82777f99a8500af95f19,3990521,5GEMSDOE/data/derived/context_detector_prob_topo.tif,1,"[3730, 3292]",1,uint8,0.0,32611,,,,,,,,,,,,,not a single-band float32 EPSG:32611 submission-grid raster
8ce89331d404a15522a485c2511d81838854147ad27d4047a0b8abb2737b73c2,3998759,5GEMSDOE/data/derived/context_detector_prob_topo_rad.tif,1,"[3730, 3292]",1,uint8,0.0,32611,,,,,,,,,,,,,not a single-band float32 EPSG:32611 submission-grid raster
c9155f228cdca724ebaf4fa65984f37637a5b4a710595ca1928f6c896addaa47,3910696,5GEMSDOE/data/derived/context_detector_prob_u8.tif,1,"[3730, 3292]",1,uint8,0.0,32611,,,,,,,,,,,,,not a single-band float32 EPSG:32611 submission-grid raster
9f2577cff20d97717dc42afbdc08faff149bf5fcf237b3bc3daffa9d81dc1163,545798,5GEMSDOE/data/evidence/baseline/submission.tif,9,"[3730, 3292]",1,float32,nan,32611,0,0.0,1.0,0,0,0,7111787,0,155889,2,,,
7f00890a62878d612fb5eef67a9a364a2df819433dde74b6762ce4fc0fc4fe15,570890,5GEMSDOE/data/evidence/leaderboard_anchor/gemsdoe-ens12-adopted-7f00890a.tif,8,"[3730, 3292]",1,float32,nan,32611,0,0.0,1.0,0,0,0,7111787,0,172974,2,GEMSDOE / 5GEMSDOE,0.1563,
f68e590f8534d036872f18170819b52366c728e68619f17c648dce9629b0aaf2,568065,5GEMSDOE/data/evidence/leaderboard_anchor/gemsdoe2-dual-family-union-f68e590f.tif,4,"[3730, 3292]",1,float32,nan,32611,0,0.0,1.0,0,0,0,7111787,0,183642,2,GEMSDOE2,0.156,
ad5ba91174b637bb77f399ae35506bebfa920a2e159ab593492f9baa64f3389f,486705,5GEMSDOE/data/evidence/leaderboard_anchor/gemsdoe2-extension-arm-ad5ba911.tif,3,"[3730, 3292]",1,float32,nan,32611,0,0.0,1.0,0,0,0,7111787,0,292190,2,,,
8bce5dfe7302ad388a6bd36f9ae8a6402bde2bae6a295b0e66d174bfb25389a2,284520,5GEMSDOE/data/evidence/leaderboard_anchor/gemsdoe2-precision-arm-8bce5dfe.tif,3,"[3730, 3292]",1,float32,nan,32611,0,0.0,1.0,0,0,0,7111787,0,21492,2,,,
37f9d5b855ee1b6c302cb81cdae1414db94db427f5dc9da3538474df37cf1cad,777446,5GEMSDOE/data/evidence/leaderboard_anchor/pindrop-v4-discovery-37f9d5b855.tif,3,"[3730, 3292]",1,float32,nan,32611,0,0.0,1.0,0,0,0,7111787,0,155021,2,GEMSDOE3 discovery,0.083,
f347b70daa95170bfc967b1c0b6bbf951496c2b74764a7102848ad6178829aca,777822,5GEMSDOE/data/evidence/leaderboard_anchor/pindrop-v4-nodes-f347b70daa.tif,3,"[3730, 3292]",1,float32,nan,32611,0,0.0,1.0,0,0,0,7111787,0,155021,2,GEMSDOE3 nodes,0.1193,
4e03fc97052e9bd673e48f1923ad17f15926f8db26d2befc033e1722381dc9b7,651948,5GEMSDOE/data/evidence/leaderboard_anchor/pindrop-v4-ridge-4e03fc9705.tif,3,"[3730, 3292]",1,float32,nan,32611,0,0.0,1.0,0,0,0,7111787,0,155021,2,GEMSDOE3 ridge,0.1152,
7563e187171f7210d70295f958b0b2714c1fa504afa35f9a4688fc99b1e1122a,181017,5GEMSDOE/data/evidence/proxy/proxy_catalogue.tif,6,"[3730, 3292]",1,uint8,,32611,,,,,,,,,,,,,not a single-band float32 EPSG:32611 submission-grid raster
400085c8ef9a1937a9a95b8b81d468ef67f9e39f02abc0403512b77521c24bbd,5308,5GEMSDOE/data/evidence/proxy/proxy_window.tif,4,"[512, 512]",1,uint8,,32611,,,,,,,,,,,,,not a single-band float32 EPSG:32611 submission-grid raster
45d50773d2313de651b0b804c7f4520fc241d2038136150b8b17ad8d28f6bb73,386008,5GEMSDOE/data/evidence/runs/35042805806-experiment/submission.tif,4,"[3730, 3292]",1,float32,,32611,3061,0.0,1.0,0,0,0,7110247,1540,21492,2,,,NaN inside the scoring footprint
a5ae61d572b0cd95eac111cab86954eca2219ad310fc0febddcda7ab92fb7969,386018,5GEMSDOE/data/evidence/runs/35042805806/submission.tif,4,"[3730, 3292]",1,float32,,32611,3061,0.0,1.0,0,0,0,7110247,1540,21492,2,,,NaN inside the scoring footprint
b9f2bc4d7e63df5f79f28c941eb3d6077d8b89f2a03ff1bbe3ae96183c7d4fb6,602678,5GEMSDOE/data/evidence/runs/local-sandbox-smoke/submission.tif,4,"[3730, 3292]",1,float32,,32611,3061,0.0,1.0,0,0,0,7110247,1540,207411,2,,,NaN inside the scoring footprint
48326d816108330bddb6e329b71b5db60aea488d99b1d9788430d8575b8254a0,7491,5GEMSDOE/data/evidence/xcat/proxy_window.tif,4,"[512, 512]",1,uint8,,32611,,,,,,,,,,,,,not a single-band float32 EPSG:32611 submission-grid raster
3fb2ca7327b47aa5a3f73c8b2ad3272d8d26ab25df35bc940944758d4c0885f2,158573,5GEMSDOE/data/evidence/xcat/qfaults_catalogue.tif,5,"[3730, 3292]",1,uint8,,32611,,,,,,,,,,,,,not a single-band float32 EPSG:32611 submission-grid raster
22ec31702ff6d03c4ba9a45c66e2a924f540891844d5e4c79a6c1bd83397cf04,5237005,5GEMSDOE/data/fixture/fixture_features_int16.tif,6,"[512, 512]",19,int16,-32768.0,32611,,,,,,,,,,,,,not a single-band float32 EPSG:32611 submission-grid raster
0020056dc438ee34174d12b996b0adb8098070951798ac4cddb885689275daa2,6090,5GEMSDOE/data/fixture/fixture_labels.tif,6,"[512, 512]",1,uint8,255.0,32611,,,,,,,,,,,,,not a single-band float32 EPSG:32611 submission-grid raster
132e23e10344013a23ffd18a21a3fdcdb59c7c7c84444708db1fb38072c119ef,624814,5GEMSDOE/docs/downloads/candidate_s5_catalogue_hedge.tif,1,"[3730, 3292]",1,float32,nan,32611,0,0.0,1.0,0,0,0,7111787,0,227507,2,,,
542eaf30766ba57b122cc85fb239e407294a282e1259dcceae0c55575ee19f95,626178,5GEMSDOE/docs/downloads/candidate_s5_dilational_annulus.tif,1,"[3730, 3292]",1,float32,nan,32611,0,0.0,1.0,0,0,0,7111787,0,235887,2,,,
f11c8684b152c2ccefc51c1f725491e31499bbef2091a0284b47cc35d785f93e,627566,5GEMSDOE/docs/downloads/candidate_s5_dilational_top10k.tif,1,"[3730, 3292]",1,float32,nan,32611,0,0.0,1.0,0,0,0,7111787,0,237507,2,,,
10bf2c4d3885d06116664226705712c3656a7a21364ec8559b4ec8200efd1f5e,632252,5GEMSDOE/docs/downloads/candidate_s5_dilational_top25k.tif,1,"[3730, 3292]",1,float32,nan,32611,0,0.0,1.0,0,0,0,7111787,0,252507,2,,,
d4a5de924057eec12c4e4ee9bdb5de361754b7bc9ace8691f86cb1ace51e57e2,637066,5GEMSDOE/docs/downloads/candidate_s5_dilational_top50k.tif,1,"[3730, 3292]",1,float32,nan,32611,0,0.0,1.0,0,0,0,7111787,0,277507,2,,,
629800b15ca54906b1bfcbde8811273a47b90d112038b86aea6701460070e1ed,628232,5GEMSDOE/docs/downloads/candidate_s5d_gdr_corridor.tif,1,"[3730, 3292]",1,float32,nan,32611,0,0.0,1.0,0,0,0,7111787,0,234429,2,,,
cb755e0b91642a085c74bb70eeeb6d89018287226aea93e02d45e9e779df3341,627793,5GEMSDOE/docs/downloads/candidate_s5f_flagship.tif,1,"[3730, 3292]",1,float32,nan,32611,0,0.0,1.0,0,0,0,7111787,0,237507,2,,,
9cdae9b424c7b3d091755db909daabf96f321d3a78f7ff7143ce81fcf399ac42,527755,5GEMSDOE/docs/downloads/gems-density-probe-20260925T184215Z-9cdae9b4.tif,1,"[3730, 3292]",1,float32,nan,32611,0,0.0,1.0,0,0,0,7111787,0,5106385,2,,,
33cec71ff00b3f32d0d59c81c156f3f1488ffef46baa4b6499094e24ea1875ab,1652883,6GEMSDOE/downloads/gems6_hgb88-topk03_33cec71ff0.tif,2,"[3730, 3292]",1,float32,nan,32611,0,0.0,1.0,0,0,0,7111787,0,155021,2,6GEMSDOE,0.0286,
90fb7dc0fc1f6e7d3dbb20927417c6af7d110ca41167329d792c75c145f75b6a,3036264,7GEMSDOE/downloads/gems7-halo15-gbt-v1-90fb7dc0fc1f.tif,2,"[3730, 3292]",1,float32,nan,32611,0,0.0,0.949999988079071,0,0,0,7111787,0,1828699,644,,,
36c3a3f341c8306dfb5610f61acfec635a7cb8a3ef6ef00380ca083d2f9745fe,548401,7GEMSDOE/downloads/gems7-lidarscarp-ridge-top2pct-36c3a3f341c8.tif,1,"[3730, 3292]",1,float32,nan,32611,0,0.0,1.0,0,0,0,7111787,0,76859,2,7GEMSDOE,0.1461,
2b06d45c5b5726be60ed7f953accda58919999a99b442bb87410377e0c4c034a,2347236,7GEMSDOE/downloads/gems7-strike30x3-v2-2b06d45c5b57.tif,1,"[3730, 3292]",1,float32,nan,32611,0,0.0,0.949999988079071,0,0,0,7111787,0,575055,73087,,,
d580bb8bdcdb941e32fefb8b38044bc5bf04e199bf2e83498c3576e6fc465568,36943606,7GEMSDOE/external/dem/lidar_scarp_features_u8.tif,1,"[3730, 3292]",12,uint8,0.0,32611,,,,,,,,,,,,,not a single-band float32 EPSG:32611 submission-grid raster
a35a9c6d2a14786f4dab85481ee59769213072f5dab5b2535ea82ae4d9bb7d9b,27132925,7GEMSDOE/external/geodawn_extensions/geodawn_extensions_u8.tif,1,"[3730, 3292]",4,uint8,0.0,32611,,,,,,,,,,,,,not a single-band float32 EPSG:32611 submission-grid raster
c22420f75999030d7cc65c9e31e50d232ea6158423bca051613a18a8b20ba682,26612970,7GEMSDOE/external/geodawn_rad/geodawn_rad_u8.tif,1,"[3730, 3292]",4,uint8,0.0,32611,,,,,,,,,,,,,not a single-band float32 EPSG:32611 submission-grid raster
538b45735833b341fc455dbbf06c47bc82a8bd8943c254ae6d3a5a07e72e22ca,873834,7GEMSDOE/external/qfaults/qfaults_prior_u8.tif,2,"[3730, 3292]",3,uint8,0.0,32611,,,,,,,,,,,,,not a single-band float32 EPSG:32611 submission-grid raster
7251c22bb489198ae4709611c29cef3ac799d8942c2f1779086d5b59ae0e3097,426346,7GEMSDOE/external/scored/gemsdoe3-sgmc-gap-7251c22bb4.tif,2,"[3730, 3292]",1,float32,nan,32611,0,0.0,1.0,0,0,0,7111787,0,61664,2,,,
237f0063a440b2c6c4b822bcb0f74e5203586313b3b5ed6c5cabe70fa046f63f,505882,7GEMSDOE/external/scored/gemsdoe4-combined-237f0063.tif,2,"[3730, 3292]",1,float32,nan,32611,0,0.0,1.0,0,0,0,7111787,0,264247,2,GEMSDOE4,0.0343,
052688eafbc7a55d90caab72252a50304fe5caa8ecf973f8e791b4ae910f0792,736494,8GEMSDOE/docs/downloads/8GEMSDOE_Hedge-v2_submission.tif,2,"[3730, 3292]",1,float32,nan,32611,0,0.0,1.0,0,0,0,7111787,0,227507,2,8GEMSDOE Hedge-v2,0.1563,
b83ea0e7074882ceee31de89695281c00ade51f26a0a7048f628f60058755356,1285731,8GEMSDOE/docs/downloads/submission.tif,3,"[3730, 3292]",1,float32,nan,32611,0,0.0,0.949999988079071,0,0,0,7111787,0,427862,72782,,,
b33684ae033512a1a1c7d2cfccd128955fedfdff2a8fed6c7585a755b1b58b3c,1765159,GEMSDOE10/docs/downloads/gems10-h16-continuation-20260927T065521077735Z-3431b83c7c.tif,1,"[3730, 3292]",1,float32,nan,32611,0,0.0,1.0,0,0,0,7111787,0,310042,2,GEMSDOE10 h16-cont,0.0461,
a26e5e46acc00ddd867f0b2910e638b25e4e81108ebe05c0abcc7c9b04372247,1717585,GEMSDOE10/docs/downloads/gems10-h20-dem10-scarp-thin-20260927T155223039488Z-ffc91a1686.tif,1,"[3730, 3292]",1,float32,nan,32611,0,0.0,1.0,0,0,0,7111787,0,153957,2,GEMSDOE10 h20,0.0921,
1381e784fb8b8340beffd0e735ac9eea89ad35d1a807f8a9bab5506e3fc8275e,1772935,GEMSDOE10/docs/downloads/gems10-h25-ctx-ridge-20260927T232947704150Z-6452ae1d00.tif,1,"[3730, 3292]",1,float32,nan,32611,0,0.0,1.0,0,0,0,7111787,0,174232,2,GEMSDOE10 h25,0.128,
7637b72d4c6c3e10226bf46bd72a20272d62ccbe29743062632d10b158b49c58,1620739,GEMSDOE10/docs/downloads/gems10-h28-dotted-ridge-20260928T020256236880Z-6452ae1d00.tif,1,"[3730, 3292]",1,float32,nan,32611,0,0.0,1.0,0,0,0,7111787,0,69281,2,GEMSDOE10 h28,0.1839,
a8dc50f3b0b2c77c9829da8875ae23007d5efbdfe1b3c2b8c1535790c9982f95,1400486,GEMSDOE2/data/evidence/runs/gemsdoe2-fusion-v2/submission.tif,2,"[3730, 3292]",1,float32,nan,32611,0,0.0,1.0,0,0,0,7111787,0,240138,2,,,
8fc827773ea28ceeac3ece35a9392a20c7537f334d5cf31bf56adaebb2fd177a,1982553,GEMSDOE2/data/evidence/runs/recall-union-v1/submission.tif,2,"[3730, 3292]",1,float32,nan,32611,0,0.0,1.0,0,0,0,7111787,0,325165,2,,,
0c265d667e7d98b03cff6e56ad5eca59fd5ebbefcdd57e7e2c2df29f6b5305d7,1607372,GEMSDOE2/data/evidence/runs/structure-consensus-v1/submission.tif,2,"[3730, 3292]",1,float32,nan,32611,0,0.0,1.0,0,0,0,7111787,0,73679,2,,,
c69d54a5730942c41a9ca7e2f2ee1e9d170c47761c63ff1d3f4e5e9d1af9bcbe,1621265,GEMSDOE2/data/evidence/runs/turbo-binary-20260925T042608Z/submission.tif,1,"[3730, 3292]",1,float32,nan,32611,0,0.0,1.0,0,0,0,7111787,0,72768,2,,,
5fb100d14c20fe925fda8af8acf77df933bf9df3b5a03c039fed6d28d0953db9,17058688,GEMSDOE2/data/evidence/runs/turbo-simple-20260925T041759Z/submission.tif,1,"[3730, 3292]",1,float32,nan,32611,0,0.8415544033050537,1.0,0,0,0,7111787,0,5167373,6125,,,
e1fd0ddff5a4ba76291fd3a9d4c78e7c0b5792be3a263845e93d9ab4c015699f,17089117,GEMSDOE2/data/evidence/runs/turbo-simple-20260925T041907Z/submission.tif,1,"[3730, 3292]",1,float32,nan,32611,0,0.8415544033050537,1.0,0,0,0,7111787,0,5167373,6125,,,
03d619fa75689b48bd3eb4f74c3fa529a9b04c19bd716e15640d910baf3d5a90,17089117,GEMSDOE2/data/evidence/runs/turbo-simple-20260925T042003Z/submission.tif,1,"[3730, 3292]",1,float32,nan,32611,0,0.8415544033050537,1.0,0,0,0,7111787,0,5167373,6125,,,
fb9d98443cedb8c94c2f50ae3275be6969707600dfad989d7d82799c99e0e409,17089117,GEMSDOE2/data/evidence/runs/turbo-simple-20260925T042118Z/submission.tif,2,"[3730, 3292]",1,float32,nan,32611,0,0.8415544033050537,1.0,0,0,0,7111787,0,5167373,6125,,,
044379b4d43b231ba16f7c87899302be0d71641d66713e449d15f5ea6a177df0,17089117,GEMSDOE2/data/evidence/runs/turbo-simple-20260925T043629Z/submission.tif,1,"[3730, 3292]",1,float32,nan,32611,0,0.8415544033050537,1.0,0,0,0,7111787,0,5167373,6125,,,
1729f3571ebf25668e84c08cb5e8c4fed375ae0910e5037e95bddcca7f0253a2,229076,GEMSDOE2/data/evidence/seghold/eval_labels.tif,1,"[3730, 3292]",1,int8,-1.0,32611,,,,,,,,,,,,,not a single-band float32 EPSG:32611 submission-grid raster
50c27c52fcd6b475e01c7ca3f343fad2537ae3158c25a2411232481407f5b279,172682,GEMSDOE2/data/evidence/seghold/train_labels.tif,1,"[3730, 3292]",1,int8,-1.0,32611,,,,,,,,,,,,,not a single-band float32 EPSG:32611 submission-grid raster
94eaa16e806ef85000dd896dc94a684971a056d2e1b0989e0ff3b889456946c6,557783,GEMSDOE2/data/evidence/suture/ens_only.tif,1,"[3730, 3292]",1,float32,nan,32611,0,0.0,1.0,0,0,0,7111787,0,171952,2,,,
d2f5ebb1ffe742d829267c44add47113ed64dd84274dae560a66fcf390c37a19,509865,GEMSDOE2/data/evidence/suture/submission.tif,1,"[3730, 3292]",1,float32,nan,32611,0,0.0,1.0,0,0,0,7111787,0,146136,2,,,
c467bbdff23d2585b4e444cb239bbd45bc6d6372cff713aa8f7670ec86908697,268367,GEMSDOE21/docs/data/template-mask.tif,2,"[3730, 3292]",1,float32,nan,32611,0,0.0,0.0,0,0,0,7111787,0,0,1,,,
356f833c09900fc41f2cc75278c6c91feb398deee09acd45c55303d07cd59e3a,720122,GEMSDOE21/docs/downloads/gems21-h19-4-reference-20260930-691e4dfa-masked-zero.tif,1,"[3730, 3292]",1,float32,,32611,0,0.0,1.0,0,0,0,0,7111787,123779,2,,,
4b603c9b1ada9f3a8817d21ee08d089558938e1c58a1a894dcea75902fd912fc,943448,GEMSDOE22/docs/downloads/gems22-h22-1-fractal-clustering-prior-multiline-20261002-7fd2f28b-allfinite.tif,1,"[3730, 3292]",1,float32,nan,32611,0,0.0,1.0,0,0,0,0,7111787,123779,2,,,
b6ba77cfb4b78c76858131edcb97d2878640a573b1482a8b509838b216a89ff4,1718336,GEMSDOE22/docs/downloads/gems22-h22-1-fractal-clustering-prior-multiline-20261002-7fd2f28b-nan.tif,1,"[3730, 3292]",1,float32,nan,32611,0,0.0,1.0,0,0,0,7111787,0,123779,2,,,
a5bef4be722b588e78d65953b30a2ffa7567e96b6fafd654e29ed128c76464b4,945600,GEMSDOE22/docs/downloads/gems22-h22-2-fractal-243pct-budget-corroborated-20261002-00a4a807-allfinite.tif,1,"[3730, 3292]",1,float32,nan,32611,0,0.0,1.0,0,0,0,0,7111787,125567,2,,,
98bad6c07870d82c59064c4dcfb5385d5446bc6b4a75f12ee85ddf99683d1c0d,1720768,GEMSDOE22/docs/downloads/gems22-h22-2-fractal-243pct-budget-corroborated-20261002-00a4a807-nan.tif,1,"[3730, 3292]",1,float32,nan,32611,0,0.0,1.0,0,0,0,7111787,0,125567,2,,,
c36696693639749791286bcd58e48a78ff79d4651b63fc33d273aab8191df0d4,1197644,GEMSDOE22/docs/downloads/gems22-h23-a-dti-optimal-emission-6pct-20261002-e2ec4b49-allfinite.tif,1,"[3730, 3292]",1,float32,,32611,0,0.0,1.0,0,0,0,0,7111787,335879,2,,,
e5f3684e9b49e8f11019f87e047017c5ab8a46294935bc0c7c80859ca7d2b1ce,1972196,GEMSDOE22/docs/downloads/gems22-h23-a-dti-optimal-emission-6pct-20261002-e2ec4b49-nan.tif,1,"[3730, 3292]",1,float32,nan,32611,0,0.0,1.0,0,0,0,7111787,0,335879,2,,,
789dd56c4287cd50c8d2d5e3f063828a8d25a275d82bd8418a4cf971d908b8a6,1376794,GEMSDOE22/docs/downloads/gems22-h23-b-dti-optimal-emission-10pct-20261002-86176698-allfinite.tif,1,"[3730, 3292]",1,float32,,32611,0,0.0,1.0,0,0,0,0,7111787,516738,2,,,
d0c5fd6825b544eb08672303c11292eb99d6105e42a41eac0e5a211a3fdc69e5,2141546,GEMSDOE22/docs/downloads/gems22-h23-b-dti-optimal-emission-10pct-20261002-86176698-nan.tif,1,"[3730, 3292]",1,float32,nan,32611,0,0.0,1.0,0,0,0,7111787,0,516738,2,,,
cd3c26a2fb4b7e649c49d2b565291bca30ee6fe47ea47c1ea6151061dc9a0337,1141558,GEMSDOE22/docs/downloads/gems22/gems22-h22-value-emit-20261002T015455Z-f6777492-allfinite.tif,1,"[3730, 3292]",1,float32,,32611,0,0.0,1.0,0,0,0,0,7111787,550000,2,,,
007a99d6dc2866cc19ed86b1e7b6f1825c470de0104a1789b3f5b736eb7dd118,1923026,GEMSDOE22/docs/downloads/gems22/gems22-h22-value-emit-20261002T015455Z-f6777492-nan.tif,1,"[3730, 3292]",1,float32,nan,32611,0,0.0,1.0,0,0,0,7111787,0,550000,2,,,
aac907db6aadc3d07a4eeb2531a0be200ee0143599ab304921e4f4f742fbc02a,933582,GEMSDOE23/docs/downloads/gemsdoe23-h24-dispersed-habitat-20261002-ada8df14-allfinite.tif,1,"[3730, 3292]",1,float32,0.0,32611,0,0.0,1.0,0,0,0,0,7111787,100000,2,,,
e29e8f04e048a4aa210edbc1128dc39703e9271a11c02a5a391c7753339b0125,1705590,GEMSDOE23/docs/downloads/gemsdoe23-h24-dispersed-habitat-20261002-ada8df14-nan.tif,1,"[3730, 3292]",1,float32,nan,32611,0,0.0,1.0,0,0,0,7111787,0,100000,2,,,
ae5c5aafce85a395af73944ab10f3fc2cad7bcc1244d49a52d53443bd0f5c3c2,933862,GEMSDOE23/docs/downloads/gemsdoe23-h29-dealiased-habitat-20261002-7bf9fac6-allfinite.tif,1,"[3730, 3292]",1,float32,0.0,32611,0,0.0,1.0,0,0,0,0,7111787,100000,2,,,
28f30b31c5d054764038144c2742364c5e4f1e2ca79f122281d04cb9d15cd5db,1706230,GEMSDOE23/docs/downloads/gemsdoe23-h29-dealiased-habitat-20261002-7bf9fac6-nan.tif,1,"[3730, 3292]",1,float32,nan,32611,0,0.0,1.0,0,0,0,7111787,0,100000,2,,,
d07cbb6f69076e76f1a8a4806ddc5639421bc9a59b10d80a09b9fb423bb99427,922168,GEMSDOE23/docs/downloads/gemsdoe23-h30-arrangement-matched-habitat-20261002-0d4e02e8-allfinite.tif,1,"[3730, 3292]",1,float32,0.0,32611,0,0.0,1.0,0,0,0,0,7111787,91533,2,,,
38539dc647d5ede0d8fa90123810d18130ee15e524097f55e83b6b8a57976ea9,1692444,GEMSDOE23/docs/downloads/gemsdoe23-h30-arrangement-matched-habitat-20261002-0d4e02e8-nan.tif,1,"[3730, 3292]",1,float32,nan,32611,0,0.0,1.0,0,0,0,7111787,0,91533,2,,,
3ccf68834ad2e3de331252cc14de72d5d30284a7da70aebe86445299c01adf26,813640,GEMSDOE3/docs/downloads/coverage-v3-fusion-20260925T054015Z-3ccf68834a.tif,1,"[3730, 3292]",1,float32,nan,32611,0,0.0,1.0,0,0,0,7111787,0,246258,2,,,
92d5062aeaf17a9a397bb595e14e0b91887e4a358da4e53cbc417a56d9967981,742156,GEMSDOE3/docs/downloads/coverage-v3-ml-20260925T054017Z-92d5062aea.tif,1,"[3730, 3292]",1,float32,nan,32611,0,0.0,1.0,0,0,0,7111787,0,195126,2,,,
0ac095a7ed6c8a142cdd8f686e001dfdec765f9a0e21ee53ddc69ae4cc4cddbf,1393116,GEMSDOE3/docs/downloads/coverage-v3-wide-20260925T054019Z-0ac095a7ed.tif,1,"[3730, 3292]",1,float32,nan,32611,0,0.0,1.0,0,0,0,7111787,0,624025,2,,,
682a7bbbfe55e1ed3a3cc2d8a7fa0c5cff36d97954f55c5a655d42824e60f1f3,760006,GEMSDOE3/docs/downloads/gapfinder-v2-fusion-20260925T045011Z-682a7bbbfe.tif,1,"[3730, 3292]",1,float32,nan,32611,0,0.0,1.0,0,0,0,7111787,0,229468,2,,,
73e97f79f635ebf8932b74357db271d0b71c9263b67e5a45fd4c267dc3e11825,687572,GEMSDOE3/docs/downloads/gapfinder-v2-ml-20260925T045012Z-73e97f79f6.tif,1,"[3730, 3292]",1,float32,nan,32611,0,0.0,1.0,0,0,0,7111787,0,178548,2,,,
7b6010637ae341b56f7d211eaf892b239822b0668d3f5556af0eecb505a228d3,1015914,GEMSDOE3/docs/downloads/riftline-context-distance-20260925T011817Z-7b6010637a.tif,1,"[3730, 3292]",1,float32,nan,32611,0,0.0,1.0,0,0,0,7111787,0,352506,2,,,
1b52d633a647802918b8defcf08d084d6ff808d118da0e3893eefe6a86ff9fb8,474736,GEMSDOE4/data/evidence/combined_clean/submission.tif,1,"[3730, 3292]",1,float32,nan,32611,0,0.0,1.0,0,0,0,7111787,0,93413,2,,,
11bc36197649dbd4b1b3eaca26ab286f328723f96f180a850f1512463430b17e,24286058,GEMSDOE4/data/evidence/newfault/proxy_only46/prob_raw.tif,1,"[3730, 3292]",1,float32,nan,32611,0,5.895159119972959e-05,0.8407115936279297,0,0,0,7111787,0,5167373,4830482,,,
5de1380c0a6984fd1491faab8f495b98c13ea8d02916fc930c8e613f9dfe231e,580094,GEMSDOE4/data/evidence/newfault/proxy_only46/submission.tif,1,"[3730, 3292]",1,float32,nan,32611,0,0.0,1.0,0,0,0,7111787,0,192481,2,,,
f2b2e033d09520522c55b84826ea9aa6185719498ea17f8047db63dba9afeca4,23546340,GEMSDOE4/data/evidence/newfault/seed42/prob_raw.tif,1,"[3730, 3292]",1,float32,nan,32611,0,0.0005290433764457703,0.8244426846504211,0,0,0,7111787,0,5167373,4652176,,,
9a7e5908b0d6f436cd0a0dfcd11f669cb3ce0608d704e034f192874bd9611dfc,445024,GEMSDOE4/data/evidence/newfault/seed42/submission.tif,1,"[3730, 3292]",1,float32,nan,32611,0,0.0,1.0,0,0,0,7111787,0,217830,2,,,
84c0b0000f00db01966ef66275e0b902003436eb56783558bd99fd9956fc6d48,24114540,GEMSDOE4/data/evidence/newfault/seed43/prob_raw.tif,1,"[3730, 3292]",1,float32,nan,32611,0,8.224859629990533e-05,0.864629864692688,0,0,0,7111787,0,5167373,4858934,,,
3435d13e06654b122c5671b18b8d21db0691b3ea0db6f7aa204fc01acb8ffc3b,452176,GEMSDOE4/data/evidence/newfault/seed43/submission.tif,1,"[3730, 3292]",1,float32,nan,32611,0,0.0,1.0,0,0,0,7111787,0,214920,2,,,
57f8ad5491f7e0da75eafcd19bcdc538bf0d82fc6825e0c2654804ec23116fc0,23503130,GEMSDOE4/data/evidence/newfault/seed44/prob_raw.tif,1,"[3730, 3292]",1,float32,nan,32611,0,0.0007817471632733941,0.8588000535964966,0,0,0,7111787,0,5167373,4656778,,,
2873f2f8190b28db1c896fb838f22053aecf9748dc17192373149caa628f5ec6,514448,GEMSDOE4/data/evidence/newfault/seed44/submission.tif,1,"[3730, 3292]",1,float32,nan,32611,0,0.0,1.0,0,0,0,7111787,0,124356,2,,,
6d18948d0287301b7a20fc907da439cdc1cfe253c3392853d4e34bd0d8d69801,24127434,GEMSDOE4/data/evidence/newfault/seed45/prob_raw.tif,1,"[3730, 3292]",1,float32,nan,32611,0,4.8668454837752506e-05,0.837476909160614,0,0,0,7111787,0,5167373,4851354,,,
18c0387579cee6d694d59e1b20c403732d161a240d7c7112e960920fa2047e21,576616,GEMSDOE4/data/evidence/newfault/seed45/submission.tif,1,"[3730, 3292]",1,float32,nan,32611,0,0.0,1.0,0,0,0,7111787,0,184990,2,,,
62eac7cafbd61a8a39b87af95cb19b077cf05202ce213cabf983a96bce2979f4,677950,GEMSDOE4/data/evidence/union6/submission.tif,1,"[3730, 3292]",1,float32,nan,32611,0,0.0,1.0,0,0,0,7111787,0,818626,2,,,
abcb616ee7a118374bd1e477c7e636c50e55b29e2ec12b3b1a355428142dedd2,656888,GEMSDOE4/data/evidence/union6_loo/drop_classical/submission.tif,1,"[3730, 3292]",1,float32,nan,32611,0,0.0,1.0,0,0,0,7111787,0,789722,2,,,
f4826581f563e2a6f88f39cdfd07f7c8f62f0f5f4311451096e48224f0e14552,641794,GEMSDOE4/data/evidence/union6_loo/drop_deep11/submission.tif,1,"[3730, 3292]",1,float32,nan,32611,0,0.0,1.0,0,0,0,7111787,0,773869,2,,,
6146688da296b24df1cb12c59211f38ed78744b6631e63ba6ca9673cbd0d87e7,633408,GEMSDOE4/data/evidence/union6_loo/drop_nff42/submission.tif,1,"[3730, 3292]",1,float32,nan,32611,0,0.0,1.0,0,0,0,7111787,0,489372,2,,,
349ab5e51c8d4fec2416af8dcea405fc54b3cab3475d5edfe91fbfe87c0b2ec2,647358,GEMSDOE4/data/evidence/union6_loo/drop_nff43/submission.tif,1,"[3730, 3292]",1,float32,nan,32611,0,0.0,1.0,0,0,0,7111787,0,663688,2,,,
19de9950ceffbdf7a7163b645984353965ab7d61dca07dfe8b9b68856edb853b,548834,GEMSDOE4/data/evidence/union6_loo/drop_nff44/submission.tif,3,"[3730, 3292]",1,float32,nan,32611,0,0.0,1.0,0,0,0,7111787,0,332544,2,,,
45f73d4fc3d08c2458ac0f661c5970ce8649714b64ecda8190dc398755ef6e5d,669244,GEMSDOE4/data/evidence/union6_loo/drop_nff45/submission.tif,1,"[3730, 3292]",1,float32,nan,32611,0,0.0,1.0,0,0,0,7111787,0,766701,2,,,
f49b8ae2d90ac3f45f873acf61bb30fe13f7aa3aa262c058c2bf9e10ef134a22,598586,GEMSDOE4/data/evidence/union_po/submission.tif,1,"[3730, 3292]",1,float32,nan,32611,0,0.0,1.0,0,0,0,7111787,0,543625,2,,,
60e39a01b81e94fd5f12cc23f6010bb6d1c0effddf9378866d6f2774c7d78dd9,575784,GEMSDOE4/data/evidence/union_po_loo/drop_classical/submission.tif,1,"[3730, 3292]",1,float32,nan,32611,0,0.0,1.0,0,0,0,7111787,0,519613,2,,,
c656cc4e2278cc1fda0ca4b291da3142087dd64cbe178a77c68f44a6fc94fdf0,567944,GEMSDOE4/data/evidence/union_po_loo/drop_deep11/submission.tif,1,"[3730, 3292]",1,float32,nan,32611,0,0.0,1.0,0,0,0,7111787,0,511996,2,,,
47174e2b95eec27358f028eb6bb4d24e00fe0a8c12d8cb27ebf132c05091a377,550554,GEMSDOE4/data/evidence/union_po_loo/drop_nff43/submission.tif,1,"[3730, 3292]",1,float32,nan,32611,0,0.0,1.0,0,0,0,7111787,0,378103,2,,,
948742576c8ee48805edc567fd9aee7f6e4d995b34e33d9502ff80c15cb0870b,579554,GEMSDOE4/data/evidence/union_po_loo/drop_nff45/submission.tif,1,"[3730, 3292]",1,float32,nan,32611,0,0.0,1.0,0,0,0,7111787,0,469044,2,,,
c1da7dd9c44e05382b67367a8eba1987fca5594e33bf23812d308f37112dadb4,547082,GEMSDOE4/data/evidence/union_po_loo/prev_committed_nff_k2_t0.18.tif,2,"[3730, 3292]",1,float32,nan,32611,0,0.0,1.0,0,0,0,7111787,0,335054,2,,,
2314b59920bfeeaf6a592d4868b25eca62212825620f9945723c2f6d0a2e5b22,439456,GEMSDOE9/docs/downloads/gemsdoe9-PLACEHOLDER-2314b599.tif,1,"[3730, 3292]",1,float32,,32611,0,0.0,1.0,0,0,0,0,7111787,147684,2,GEMSDOE9,0.0107,
